;;;;;;;;;;;;;;;;;;;;;;;;;;;;;;;;;;;;;;;
;;;;;;;;;;;;;;;;;;;;;;;;;;;;;;;;;;;;;;;
MVP 1; ; ; ; ; ; ; ; ; ; ; ; ; ; ; ; ; ; ;;;;;;;;;;;;;;;;;;;;;
1-Kullan?c? Kay?t ??lemleri;;; ; ; ; ; ; ; ; ; ; ; ; ; ; ; ; ;;;;;;;;;;;;;;;;;;;;;
Backlog 1.1: Kullan?c? kay?t formu tasar?m? ve geli?tirme;;;;;; ; ; ; ; ; ; ; ; ; ; ; ; ;;MVP 1; ; ; ; ; ; ; ; ; ; ; ; ; ; ; ; ; ; ;
 ; ; ; ; ; ; ; ; ; ; ; ; ; ; ; ; ; ; ;;1-Kullan?c? Kay?t ??lemleri;;; ; ; ; ; ; ; ; ; ; ; ; ; ; ; ; ;
Task 1.1.1: Kay?t formunun kullan?c? arayüzünün tasarlanmas?;;;;;; ; ; ; ; ; ; ; ; ; ; ; ; ;;Backlog 1.1: Kullan?c? kay?t formu tasar?m? ve geli?tirme;;;;;; ; ; ; ; ; ; ; ; ; ; ; ; ;
 Kabul Kriterleri:;; ; ; ; ; ; ; ; ; ; ; ; ; ; ; ; ; ;; ; ; ; ; ; ; ; ; ; ; ; ; ; ; ; ; ; ; ;
     Ad, Soyad, TCKN/Passaport No, Telefon, E-posta ve ?ifre alanlar? olmal?;;;;;;;; ; ; ; ; ; ; ; ; ; ; ;;Task 1.1.1: Kay?t formunun kullan?c? arayüzünün tasarlanmas?;;;;;; ; ; ; ; ; ; ; ; ; ; ; ; ;
     Kay?t ol butonu eklenmeli ve t?klanabilir olmal?;;;;; ; ; ; ; ; ; ; ; ; ; ; ; ; ;; Kabul Kriterleri:;; ; ; ; ; ; ; ; ; ; ; ; ; ; ; ; ; ;
     API’den dönen hata mesajlar? gösterilebilmeli               ;;;;;; ; ; ; ; ; ; ; ; ; ; ; ; ;;     Ad, Soyad, TCKN/Passaport No, Telefon, E-posta ve ?ifre alanlar? olmal?;;;;;;;; ; ; ; ; ; ; ; ; ; ; ;
 ; ; ; ; ; ; ; ; ; ; ; ; ; ; ; ; ; ; ;;     Kay?t ol butonu eklenmeli ve t?klanabilir olmal?;;;;; ; ; ; ; ; ; ; ; ; ; ; ; ; ;
Task 1.1.2 : Kullan?c?n?n sisteme kay?t olabilmeli için gerekli register API’sinin geli?tirilmesi;;;;;;;;; ; ; ; ; ; ; ; ; ; ;;     API’den dönen hata mesajlar? gösterilebilmeli               ;;;;;; ; ; ; ; ; ; ; ; ; ; ; ; ;
 Kabul Kriterleri:;; ; ; ; ; ; ; ; ; ; ; ; ; ; ; ; ; ;; ; ; ; ; ; ; ; ; ; ; ; ; ; ; ; ; ; ; ;
    Ad, Soyad, TCKN/Passaport No, Telefon, E-posta ve ?ifre alanlar?n? alan  Post  endpoint mevcut olmal?;;;;;;;;;; ; ; ; ; ; ; ; ; ;;Task 1.1.2 : Kullan?c?n?n sisteme kay?t olabilmeli için gerekli register API’sinin geli?tirilmesi;;;;;;;;; ; ; ; ; ; ; ; ; ; ;
    Kullan?c? bilgileri veri taban?na yak?t edilmeli;;;;; ; ; ; ; ; ; ; ; ; ; ; ; ; ;; Kabul Kriterleri:;; ; ; ; ; ; ; ; ; ; ; ; ; ; ; ; ; ;
    E-posta benzersiz olmal? daha önceden kay?t yap?lmam?? olmal?;;;;;;; ; ; ; ; ; ; ; ; ; ; ; ;;    Ad, Soyad, TCKN/Passaport No, Telefon, E-posta ve ?ifre alanlar?n? alan  Post  endpoint mevcut olmal?;;;;;;;;;; ; ; ; ; ; ; ; ; ;
 ; ; ; ; ; ; ; ; ; ; ; ; ; ; ; ; ; ; ;;    Kullan?c? bilgileri veri taban?na yak?t edilmeli;;;;; ; ; ; ; ; ; ; ; ; ; ; ; ; ;
2-Kullan?c? Giri? ??lemleri;;; ; ; ; ; ; ; ; ; ; ; ; ; ; ; ; ;;    E-posta benzersiz olmal? daha önceden kay?t yap?lmam?? olmal?;;;;;;; ; ; ; ; ; ; ; ; ; ; ; ;
Backlog 2.1: Kullan?c? giri? arayüzünün tasarlanmas? ve geli?tirilmesi;;;;;;; ; ; ; ; ; ; ; ; ; ; ; ;; ; ; ; ; ; ; ; ; ; ; ; ; ; ; ; ; ; ; ;
 ; ; ; ; ; ; ; ; ; ; ; ; ; ; ; ; ; ; ;;2-Kullan?c? Giri? ??lemleri;;; ; ; ; ; ; ; ; ; ; ; ; ; ; ; ; ;
Task 2.1.1:Giri? ekran? arayüzünün tasarlanmas?;;;;; ; ; ; ; ; ; ; ; ; ; ; ; ; ;;Backlog 2.1: Kullan?c? giri? arayüzünün tasarlanmas? ve geli?tirilmesi;;;;;;; ; ; ; ; ; ; ; ; ; ; ; ;
Kabul Kriterleri:;; ; ; ; ; ; ; ; ; ; ; ; ; ; ; ; ; ;; ; ; ; ; ; ; ; ; ; ; ; ; ; ; ; ; ; ; ;
  E-posta ve ?ifre alanlar?n?n olu?turulmas?;;;;; ; ; ; ; ; ; ; ; ; ; ; ; ; ;;Task 2.1.1:Giri? ekran? arayüzünün tasarlanmas?;;;;; ; ; ; ; ; ; ; ; ; ; ; ; ; ;
  Giri? butonu eklenmeli ve t?klanabilir olmal?;;;;; ; ; ; ; ; ; ; ; ; ; ; ; ; ;;Kabul Kriterleri:;; ; ; ; ; ; ; ; ; ; ; ; ; ; ; ; ; ;
  API'den dönen hata mesajlar?n? gösterilebilmeli;;;;; ; ; ; ; ; ; ; ; ; ; ; ; ; ;;  E-posta ve ?ifre alanlar?n?n olu?turulmas?;;;;; ; ; ; ; ; ; ; ; ; ; ; ; ; ;
 ; ; ; ; ; ; ; ; ; ; ; ; ; ; ; ; ; ; ;;  Giri? butonu eklenmeli ve t?klanabilir olmal?;;;;; ; ; ; ; ; ; ; ; ; ; ; ; ; ;
Task 2.1.2: Kullan?c?n?n sisteme giri? yapabilmesi için gereken login API'sinin geli?tirilmesi;;;;;;;;; ; ; ; ; ; ; ; ; ; ;;  API'den dönen hata mesajlar?n? gösterilebilmeli;;;;; ; ; ; ; ; ; ; ; ; ; ; ; ; ;
Kabul Kriterleri:;; ; ; ; ; ; ; ; ; ; ; ; ; ; ; ; ; ;; ; ; ; ; ; ; ; ; ; ; ; ; ; ; ; ; ; ; ;
  E-posta ve ?ifre alan bir Post endpoint mevcut olmal?;;;;;; ; ; ; ; ; ; ; ; ; ; ; ; ;;Task 2.1.2: Kullan?c?n?n sisteme giri? yapabilmesi için gereken login API'sinin geli?tirilmesi;;;;;;;;; ; ; ; ; ; ; ; ; ; ;
  Kimlik do?rulama ba?ar?l?ysa,kullan?c?ya JWT token döndürülmeli;;;;;;; ; ; ; ; ; ; ; ; ; ; ; ;;Kabul Kriterleri:;; ; ; ; ; ; ; ; ; ; ; ; ; ; ; ; ; ;
  Yanl?? giri? bilgilerinde uygun hata mesaj? döndürülmeli;;;;;; ; ; ; ; ; ; ; ; ; ; ; ; ;;  E-posta ve ?ifre alan bir Post endpoint mevcut olmal?;;;;;; ; ; ; ; ; ; ; ; ; ; ; ; ;
 ; ; ; ; ; ; ; ; ; ; ; ; ; ; ; ; ; ; ;;  Kimlik do?rulama ba?ar?l?ysa,kullan?c?ya JWT token döndürülmeli;;;;;;; ; ; ; ; ; ; ; ; ; ; ; ;
3-Kullan?c? ç?k?? i?lemleri;;; ; ; ; ; ; ; ; ; ; ; ; ; ; ; ; ;;  Yanl?? giri? bilgilerinde uygun hata mesaj? döndürülmeli;;;;;; ; ; ; ; ; ; ; ; ; ; ; ; ;
Backlog 3.1:Kullan?c?n uygulamandan ç?k?? i?leminin gerçekle?tirilmesi ve gerekli arayüz tasar?m?n?n yap?lmas?;;;;;;;;;;; ; ; ; ; ; ; ; ;; ; ; ; ; ; ; ; ; ; ; ; ; ; ; ; ; ; ; ;
 ; ; ; ; ; ; ; ; ; ; ; ; ; ; ; ; ; ; ;;3-Kullan?c? ç?k?? i?lemleri;;; ; ; ; ; ; ; ; ; ; ; ; ; ; ; ; ;
Task 3.1.1:Kullan?c? ç?k?? ekran? için gerekli arayüz tasar?m?n?n yap?lmas?;;;;;;; ; ; ; ; ; ; ; ; ; ; ; ;;Backlog 3.1:Kullan?c?n uygulamandan ç?k?? i?leminin gerçekle?tirilmesi ve gerekli arayüz tasar?m?n?n yap?lmas?;;;;;;;;;;; ; ; ; ; ; ; ; ;
 Kabul Kriterleri:;; ; ; ; ; ; ; ; ; ; ; ; ; ; ; ; ; ;; ; ; ; ; ; ; ; ; ; ; ; ; ; ; ; ; ; ; ;
   Logout butonu olmal? ve t?klanabilir olmal?;;;;; ; ; ; ; ; ; ; ; ; ; ; ; ; ;;Task 3.1.1:Kullan?c? ç?k?? ekran? için gerekli arayüz tasar?m?n?n yap?lmas?;;;;;;; ; ; ; ; ; ; ; ; ; ; ; ;
   T?klan?ld???nda kullan?c?y? sistemden ç?k?p giri? ekran?na yönlendirilmeli;;;;;;; ; ; ; ; ; ; ; ; ; ; ; ;; Kabul Kriterleri:;; ; ; ; ; ; ; ; ; ; ; ; ; ; ; ; ; ;
 ; ; ; ; ; ; ; ; ; ; ; ; ; ; ; ; ; ; ;;   Logout butonu olmal? ve t?klanabilir olmal?;;;;; ; ; ; ; ; ; ; ; ; ; ; ; ; ;
Task 3.1.2: Kullan?c?lar?n güvenli bir ?ekilde sistemden ç?k?? yapabilmesi için logout API'sini geli?tirin. Bu API, kullan?c?n?n token'?n? geçersiz k?lmal?d?r.;;;;;;;;;;;;;;; ; ; ; ;;   T?klan?ld???nda kullan?c?y? sistemden ç?k?p giri? ekran?na yönlendirilmeli;;;;;;; ; ; ; ; ; ; ; ; ; ; ; ;
 Kabul Kriterleri:;; ; ; ; ; ; ; ; ; ; ; ; ; ; ; ; ; ;; ; ; ; ; ; ; ; ; ; ; ; ; ; ; ; ; ; ; ;
  Kullan?c?n?n token'?n? geçersiz k?lan bir POST endpoint mevcut olmal?.;;;;;;; ; ; ; ; ; ; ; ; ; ; ; ;;Task 3.1.2: Kullan?c?lar?n güvenli bir ?ekilde sistemden ç?k?? yapabilmesi için logout API'sini geli?tirin. Bu API, kullan?c?n?n token'?n? geçersiz k?lmal?d?r.;;;;;;;;;;;;;;; ; ; ; ;
  Kullan?c? logout i?leminden sonra tekrar giri? yapmadan sisteme eri?ememeli.;;;;;;;; ; ; ; ; ; ; ; ; ; ; ;; Kabul Kriterleri:;; ; ; ; ; ; ; ; ; ; ; ; ; ; ; ; ; ;
 ; ; ; ; ; ; ; ; ; ; ; ; ; ; ; ; ; ; ;;  Kullan?c?n?n token'?n? geçersiz k?lan bir POST endpoint mevcut olmal?.;;;;;;; ; ; ; ; ; ; ; ; ; ; ; ;
 ; ; ; ; ; ; ; ; ; ; ; ; ; ; ; ; ; ; ;;  Kullan?c? logout i?leminden sonra tekrar giri? yapmadan sisteme eri?ememeli.;;;;;;;; ; ; ; ; ; ; ; ; ; ; ;
4-Çift a?amal? do?rulam ile giri? yap?lmas?;;;;; ; ; ; ; ; ; ; ; ; ; ; ; ; ;; ; ; ; ; ; ; ; ; ; ; ; ; ; ; ; ; ; ; ;
Backlog 4.1: Giri? i?lemi s?ras?nda kullan?c? güveli?i için çift a?amal? do?rulama i?leminin gerçekle?tirilmesi ve gerekli arayüz tasar?mlar?n?n gerçekle?tirilmesi;;;;;;;;;;;;;;; ; ; ; ;; ; ; ; ; ; ; ; ; ; ; ; ; ; ; ; ; ; ; ;
 ; ; ; ; ; ; ; ; ; ; ; ; ; ; ; ; ; ; ;;4-Çift a?amal? do?rulam ile giri? yap?lmas?;;;;; ; ; ; ; ; ; ; ; ; ; ; ; ; ;
Task 4.1.1: Kullan?c? giri? yap butonuna t?klad??? anda e-posta adresine mail ile kod gönderilmeli, gönderilen kod kullan?c? taraf?ndan giri? sayfas?ndaki gerekli alanlara yaz?ld??? zaman sisteme giri? yapabilmeli;;;;;;;;;;;;;;;;;;;;Backlog 4.1: Giri? i?lemi s?ras?nda kullan?c? güveli?i için çift a?amal? do?rulama i?leminin gerçekle?tirilmesi ve gerekli arayüz tasar?mlar?n?n gerçekle?tirilmesi;;;;;;;;;;;;;;; ; ; ; ;
Task 4.1.2: Kullan?c?ya gönderilen kodun yaz?labilmesi için giri? ekran?nda  bir pop-up ekran? tasarlanmal?;;;;;;;;;; ; ; ; ; ; ; ; ;;; ; ; ; ; ; ; ; ; ; ; ; ; ; ; ; ; ; ; ;
 ; ; ; ; ; ; ; ; ; ; ; ; ; ; ; ; ; ; ;;Task 4.1.1: Kullan?c? giri? yap butonuna t?klad??? anda e-posta adresine mail ile kod gönderilmeli, gönderilen kod kullan?c? taraf?ndan giri? sayfas?ndaki gerekli alanlara yaz?ld??? zaman sisteme giri? yapabilmeli;;;;;;;;;;;;;;;;;;;
5-Kay?t Tarihinin veri taban?nda tutulmas?;;;;; ; ; ; ; ; ; ; ; ; ; ; ; ; ;;Task 4.1.2: Kullan?c?ya gönderilen kodun yaz?labilmesi için giri? ekran?nda  bir pop-up ekran? tasarlanmal?;;;;;;;;;; ; ; ; ; ; ; ; ; ;
Backlog 5.1: Kullan?c? Kay?t tarihinin kay?t edilmesi;;;;; ; ; ; ; ; ; ; ; ; ; ; ; ; ;; ; ; ; ; ; ; ; ; ; ; ; ; ; ; ; ; ; ; ;
 ; ; ; ; ; ; ; ; ; ; ; ; ; ; ; ; ; ; ;;5-Kay?t Tarihinin veri taban?nda tutulmas?;;;;; ; ; ; ; ; ; ; ; ; ; ; ; ; ;
Task 5.1.1: Kullan?c? kay?t ol ekran?nda gerekli alanlar? doldurup kay?t ol butonuna t?klad??? anda tarih bilgisini veri taban?nda User tablosunda created_date anlan?na otomatik yans?tan metodun geli?tirilmesi;;;;;;;;;;;;;;;;;;;;Backlog 5.1: Kullan?c? Kay?t tarihinin kay?t edilmesi;;;;; ; ; ; ; ; ; ; ; ; ; ; ; ; ;
 ; ; ; ; ; ; ; ; ; ; ; ; ; ; ; ; ; ; ;; ; ; ; ; ; ; ; ; ; ; ; ; ; ; ; ; ; ; ;
 ; ; ; ; ; ; ; ; ; ; ; ; ; ; ; ; ; ; ;;Task 5.1.1: Kullan?c? kay?t ol ekran?nda gerekli alanlar? doldurup kay?t ol butonuna t?klad??? anda tarih bilgisini veri taban?nda User tablosunda created_date anlan?na otomatik yans?tan metodun geli?tirilmesi;;;;;;;;;;;;;;;;;;;
6- Kullan?c? Bilgileri Validasyon Servisi Geli?tirme;;;;; ; ; ; ; ; ; ; ; ; ; ; ; ; ;; ; ; ; ; ; ; ; ; ; ; ; ; ; ; ; ; ; ; ;
Backlog 6.1: Kullan?c? giri? ve kay?t bilgilerinin do?rulu?unu kontrol eden bir validasyon servisi geli?tirilmeli.;;;;;;;;;;; ; ; ; ; ; ; ; ;; ; ; ; ; ; ; ; ; ; ; ; ; ; ; ; ; ; ; ;
 ; ; ; ; ; ; ; ; ; ; ; ; ; ; ; ; ; ; ;;6- Kullan?c? Bilgileri Validasyon Servisi Geli?tirme;;;;; ; ; ; ; ; ; ; ; ; ; ; ; ; ;
Task 6.1.1: Kay?t i?lemisiras?nda  ad, soyad, TCKN/Pasaport No , telefon ,e-posta ve ?ifre gibi bilgilerin uygun formatta olup olmad???n? kontrol etmelidir.;;;;;;;;;;;;;;; ; ; ; ;;Backlog 6.1: Kullan?c? giri? ve kay?t bilgilerinin do?rulu?unu kontrol eden bir validasyon servisi geli?tirilmeli.;;;;;;;;;;; ; ; ; ; ; ; ; ;
 Kabul kriterleri:;; ; ; ; ; ; ; ; ; ; ; ; ; ; ; ; ; ;; ; ; ; ; ; ; ; ; ; ; ; ; ; ; ; ; ; ; ;
      ?ifre en az 8 karakterden olu?mal?.Büyük küçük harf ,rakam veya özel karakter içermeli                       ;;;;;;;;;; ; ; ; ; ; ; ; ; ;;Task 6.1.1: Kay?t i?lemisiras?nda  ad, soyad, TCKN/Pasaport No , telefon ,e-posta ve ?ifre gibi bilgilerin uygun formatta olup olmad???n? kontrol etmelidir.;;;;;;;;;;;;;;; ; ; ; ;
     TCKN alan? 11 karakterden olu?mal?;;;; ; ; ; ; ; ; ; ; ; ; ; ; ; ; ;; Kabul kriterleri:;; ; ; ; ; ; ; ; ; ; ; ; ; ; ; ; ; ;
 ; ; ; ; ; ; ; ; ; ; ; ; ; ; ; ; ; ; ;;      ?ifre en az 8 karakterden olu?mal?.Büyük küçük harf ,rakam veya özel karakter içermeli                       ;;;;;;;;;; ; ; ; ; ; ; ; ; ;
 ; ; ; ; ; ; ; ; ; ; ; ; ; ; ; ; ; ; ;;     TCKN alan? 11 karakterden olu?mal?;;;; ; ; ; ; ; ; ; ; ; ; ; ; ; ; ;
Task 6.1.2: Giri? i?lemi s?ras?nda e-posta ve ?ifre bilgilerinin uygun formatta olup olmad??? kontrol edilmeli;;;;;;;;;;; ; ; ; ; ; ; ; ;; ; ; ; ; ; ; ; ; ; ; ; ; ; ; ; ; ; ; ;
 Kabul kriterleri:;; ; ; ; ; ; ; ; ; ; ; ; ; ; ; ; ; ;; ; ; ; ; ; ; ; ; ; ; ; ; ; ; ; ; ; ; ;
       ?ifre en az 8 karakterden olu?mal?.Büyük küçük harf ,rakam veya özel karakter içermeli;;;;;;;;; ; ; ; ; ; ; ; ; ; ;;Task 6.1.2: Giri? i?lemi s?ras?nda e-posta ve ?ifre bilgilerinin uygun formatta olup olmad??? kontrol edilmeli;;;;;;;;;;; ; ; ; ; ; ; ; ;
 ; ; ; ; ; ; ; ; ; ; ; ; ; ; ; ; ; ; ;; Kabul kriterleri:;; ; ; ; ; ; ; ; ; ; ; ; ; ; ; ; ; ;
 ; ; ; ; ; ; ; ; ; ; ; ; ; ; ; ; ; ; ;;       ?ifre en az 8 karakterden olu?mal?.Büyük küçük harf ,rakam veya özel karakter içermeli;;;;;;;;; ; ; ; ; ; ; ; ; ; ;
7-Hata mesajlar?n?n kullan?c?ya yans?t?lmas?;;;;; ; ; ; ; ; ; ; ; ; ; ; ; ; ;; ; ; ; ; ; ; ; ; ; ; ; ; ; ; ; ; ; ; ;
Backlog 7.1:Hata mesajlar? ve geri bildirim mekanizmas?n? arayüze ekleme;;;;;;;; ; ; ; ; ; ; ; ; ; ; ;; ; ; ; ; ; ; ; ; ; ; ; ; ; ; ; ; ; ; ;
 ; ; ; ; ; ; ; ; ; ; ; ; ; ; ; ; ; ; ;;7-Hata mesajlar?n?n kullan?c?ya yans?t?lmas?;;;;; ; ; ; ; ; ; ; ; ; ; ; ; ; ;
Task 7.1.1:Kullan?c? giri? ve kay?t i?lemlerinde olu?an hatalar? kullan?c?ya gösterebilmek için hata mesajlar? olu?turulmal? ;;;;;;;;;;;; ; ; ; ; ; ; ;;Backlog 7.1:Hata mesajlar? ve geri bildirim mekanizmas?n? arayüze ekleme;;;;;;;; ; ; ; ; ; ; ; ; ; ; ;
Task 7.1.2:Geri bildirim mekanizmas? arayüze eklenmeli.;;;;;; ; ; ; ; ; ; ; ; ; ; ; ; ;; ; ; ; ; ; ; ; ; ; ; ; ; ; ; ; ; ; ; ;
 ; ; ; ; ; ; ; ; ; ; ; ; ; ; ; ; ; ; ;;Task 7.1.1:Kullan?c? giri? ve kay?t i?lemlerinde olu?an hatalar? kullan?c?ya gösterebilmek için hata mesajlar? olu?turulmal? ;;;;;;;;;;;; ; ; ; ; ; ; ;
8-Araçlar sayfas?;; ; ; ; ; ; ; ; ; ; ; ; ; ; ; ; ; ;;Task 7.1.2:Geri bildirim mekanizmas? arayüze eklenmeli.;;;;;; ; ; ; ; ; ; ; ; ; ; ; ; ;
Backlog 8.1: Filoda ki tüm araçlar?n listelenmesi için gerekli back end i?lemleri yap?lmal? ve sayfa tasar?m? gerçekle?trilmeli;;;;;;;;;;;; ; ; ; ; ; ; ;; ; ; ; ; ; ; ; ; ; ; ; ; ; ; ; ; ; ; ;
 ; ; ; ; ; ; ; ; ; ; ; ; ; ; ; ; ; ; ;;8-Araçlar sayfas?;; ; ; ; ; ; ; ; ; ; ; ; ; ; ; ; ; ;
Task 8.1.1:  Veritaban?ndan araç bilgileri çekilip sayfaya yans?t?lmal?;;;;;;; ; ; ; ; ; ; ; ; ; ; ; ;;Backlog 8.1: Filoda ki tüm araçlar?n listelenmesi için gerekli back end i?lemleri yap?lmal? ve sayfa tasar?m? gerçekle?trilmeli;;;;;;;;;;;; ; ; ; ; ; ; ;
Task 8.1.2:  Ana sayfada bulunan filomuz butona t?kland???ndagidilen ve tüm araçlar?n listelendi?i sayfa tasarlanmal?;;;;;;;;;;;; ; ; ; ; ; ; ;; ; ; ; ; ; ; ; ; ; ; ; ; ; ; ; ; ; ; ;
 ; ; ; ; ; ; ; ; ; ; ; ; ; ; ; ; ; ; ;;Task 8.1.1:  Veritaban?ndan araç bilgileri çekilip sayfaya yans?t?lmal?;;;;;;; ; ; ; ; ; ; ; ; ; ; ; ;
9-Filtreleme Kriterlerinin Belirlenmesi;;;; ; ; ; ; ; ; ; ; ; ; ; ; ; ; ;;Task 8.1.2:  Ana sayfada bulunan filomuz butona t?kland???ndagidilen ve tüm araçlar?n listelendi?i sayfa tasarlanmal?;;;;;;;;;;;; ; ; ; ; ; ; ;
Backlog 9.1: Araç kritelerine göre filtreleme yap?l?;;;;; ; ; ; ; ; ; ; ; ; ; ; ; ; ;; ; ; ; ; ; ; ; ; ; ; ; ; ; ; ; ; ; ; ;
 ; ; ; ; ; ; ; ; ; ; ; ; ; ; ; ; ; ; ;;9-Filtreleme Kriterlerinin Belirlenmesi;;;; ; ; ; ; ; ; ; ; ; ; ; ; ; ; ;
Task 9.1.1: Araç türü, fiyat aral???, araç markas? gibi kriterler seçilip ,seçilen özelliklere sahip araçlar listelenebilmeli;;;;;;;;;;;; ; ; ; ; ; ; ;;Backlog 9.1: Araç kritelerine göre filtreleme yap?l?;;;;; ; ; ; ; ; ; ; ; ; ; ; ; ; ;
Task 9.1.2: Araç türü, fiyat aral???, araç markas? gibi kriterlerin seçilebildi?i filtreleme alan?n?n ve filtreli araçlar?n listelenmesi için gerekli ekran?n tasarlanmas? ;;;;;;;;;;;;;;;; ; ; ;; ; ; ; ; ; ; ; ; ; ; ; ; ; ; ; ; ; ; ;
 ; ; ; ; ; ; ; ; ; ; ; ; ; ; ; ; ; ; ;;Task 9.1.1: Araç türü, fiyat aral???, araç markas? gibi kriterler seçilip ,seçilen özelliklere sahip araçlar listelenebilmeli;;;;;;;;;;;; ; ; ; ; ; ; ;
10-Fiyat Bilgileri ve Ücretlendirme;;;; ; ; ; ; ; ; ; ; ; ; ; ; ; ; ;;Task 9.1.2: Araç türü, fiyat aral???, araç markas? gibi kriterlerin seçilebildi?i filtreleme alan?n?n ve filtreli araçlar?n listelenmesi için gerekli ekran?n tasarlanmas? ;;;;;;;;;;;;;;;; ; ; ;
Backlog 10.1: Fiyat Bilgileri ve Ücretlendirme bilgilerinin kullan?c?ya yans?t?lmas?;;;;;;;; ; ; ; ; ; ; ; ; ; ; ;; ; ; ; ; ; ; ; ; ; ; ; ; ; ; ; ; ; ; ;
 ; ; ; ; ; ; ; ; ; ; ; ; ; ; ; ; ; ; ;;10-Fiyat Bilgileri ve Ücretlendirme;;;; ; ; ; ; ; ; ; ; ; ; ; ; ; ; ;
Task 10.1.1:Fiyat bilgilerini veri taban?ndan çekilip mü?teriye yans?t?lmal?;;;;;;;; ; ; ; ; ; ; ; ; ; ; ;;Backlog 10.1: Fiyat Bilgileri ve Ücretlendirme bilgilerinin kullan?c?ya yans?t?lmas?;;;;;;;; ; ; ; ; ; ; ; ; ; ; ;
Task 10.1.2:Fiyat bilgilerinin mü?teriye gösterildi?i gerekli alanlar tasarlanmal?;;;;;;;; ; ; ; ; ; ; ; ; ; ; ;; ; ; ; ; ; ; ; ; ; ; ; ; ; ; ; ; ; ; ;
 ; ; ; ; ; ; ; ; ; ; ; ; ; ; ; ; ; ; ;;Task 10.1.1:Fiyat bilgilerini veri taban?ndan çekilip mü?teriye yans?t?lmal?;;;;;;;; ; ; ; ; ; ; ; ; ; ; ;
;;;;;;;;;;;;;;;;;;;;Task 10.1.2:Fiyat bilgilerinin mü?teriye gösterildi?i gerekli alanlar tasarlanmal?;;;;;;;; ; ; ; ; ; ; ; ; ; ; ;
;;;;;;;;;;;;;;;;;;;; ; ; ; ; ; ; ; ; ; ; ; ; ; ; ; ; ; ; ;
;;;;;;;;;;;;;;;;;;;;;;;;;;;;;;;;;;;;;;;
;;;;;;;;;;;;;;;;;;;;MVP 2; ; ; ; ; ; ; ; ; ; ; ; ; ; ; ; ; ; ;
MVP 2; ; ; ; ; ; ; ; ; ; ; ; ; ; ; ; ; ; ;; ; ; ; ; ; ; ; ; ; ; ; ; ; ; ; ; ; ; ;
 ; ; ; ; ; ; ; ; ; ; ; ; ; ; ; ; ; ; ;;1-Temel Rezervasyon Formu;;; ; ; ; ; ; ; ; ; ; ; ; ; ; ; ; ;
1-Temel Rezervasyon Formu;;; ; ; ; ; ; ; ; ; ; ; ; ; ; ; ; ;;Backlog 1.1:Temel rezervasyon formu için gerekli back end i?lemleri yap?lmal? ve gerekli arayüz tasar?m? yap?lmal?;;;;;;;;;;; ; ; ; ; ; ; ; ;
Backlog 1.1:Temel rezervasyon formu için gerekli back end i?lemleri yap?lmal? ve gerekli arayüz tasar?m? yap?lmal?;;;;;;;;;;; ; ; ; ; ; ; ; ;; ; ; ; ; ; ; ; ; ; ; ; ; ; ; ; ; ; ; ;
 ; ; ; ; ; ; ; ; ; ; ; ; ; ; ; ; ; ; ;;Task 1.1: Rezervasyon formu için gerekli arayüz ekran? tasarlanmal?;;;;;;; ; ; ; ; ; ; ; ; ; ; ; ;
Task 1.1: Rezervasyon formu için gerekli arayüz ekran? tasarlanmal?;;;;;;; ; ; ; ; ; ; ; ; ; ; ; ;; Kabul kriterleri:;; ; ; ; ; ; ; ; ; ; ; ; ; ; ; ; ; ;
 Kabul kriterleri:;; ; ; ; ; ; ; ; ; ; ; ; ; ; ; ; ; ;;   Arac?n al?n?? ve b?rak?l?? yerleri, al?n?? ve  b?rak?l?? tarihi, saati seçilebilir olmal?;;;;;;;; ; ; ; ; ; ; ; ; ; ; ;
   Arac?n al?n?? ve b?rak?l?? yerleri, al?n?? ve  b?rak?l?? tarihi, saati seçilebilir olmal?;;;;;;;; ; ; ; ; ; ; ; ; ; ; ;; ; ; ; ; ; ; ; ; ; ; ; ; ; ; ; ; ; ; ;
 ; ; ; ; ; ; ; ; ; ; ; ; ; ; ; ; ; ; ;;Task 1.2: Rezervasyon formunda seçilen yer ve zaman bilgileri veri taban?na kay?t edilmeli;;;;;;;;; ; ; ; ; ; ; ; ; ; ;
Task 1.2: Rezervasyon formunda seçilen yer ve zaman bilgileri veri taban?na kay?t edilmeli;;;;;;;;; ; ; ; ; ; ; ; ; ; ;; Kabul kriterleri:;; ; ; ; ; ; ; ; ; ; ; ; ; ; ; ; ; ;
 Kabul kriterleri:;; ; ; ; ; ; ; ; ; ; ; ; ; ; ; ; ; ;;   Arac?n al?n?? ve b?rak?l?? yeri, al?n?? ve  b?rak?l?? tarihi, saati veri taban?nda tutulmal?;;;;;;;; ; ; ; ; ; ; ; ; ; ; ;
   Arac?n al?n?? ve b?rak?l?? yeri, al?n?? ve  b?rak?l?? tarihi, saati veri taban?nda tutulmal?;;;;;;;; ; ; ; ; ; ; ; ; ; ; ;; ; ; ; ; ; ; ; ; ; ; ; ; ; ; ; ; ; ; ;
 ; ; ; ; ; ; ; ; ; ; ; ; ; ; ; ; ; ; ;;2-Rezervasyon Onay? ve E-posta Bildirimleri;;;;; ; ; ; ; ; ; ; ; ; ; ; ; ; ;
2-Rezervasyon Onay? ve E-posta Bildirimleri;;;;; ; ; ; ; ; ; ; ; ; ; ; ; ; ;;Backlog 2.1:Rezervasyon onay? ve e-posta bildirimleri;;;;;; ; ; ; ; ; ; ; ; ; ; ; ; ;
Backlog 2.1:Rezervasyon onay? ve e-posta bildirimleri;;;;;; ; ; ; ; ; ; ; ; ; ; ; ; ;; ; ; ; ; ; ; ; ; ; ; ; ; ; ; ; ; ; ; ;
 ; ; ; ; ; ; ; ; ; ; ; ; ; ; ; ; ; ; ;;Task 2.1.1: Rezervasyon onay? için kullan?c?ya e-posta gönderme sistemi olu?turulmal?;;;;;;;;; ; ; ; ; ; ; ; ; ; ;
Task 2.1.1: Rezervasyon onay? için kullan?c?ya e-posta gönderme sistemi olu?turulmal?;;;;;;;;; ; ; ; ; ; ; ; ; ; ;; ; ; ; ; ; ; ; ; ; ; ; ; ; ; ; ; ; ; ;
 ; ; ; ; ; ; ; ; ; ; ; ; ; ; ; ; ; ; ;;3-Rezervasyon görüntüleme;;; ; ; ; ; ; ; ; ; ; ; ; ; ; ; ; ;
3-Rezervasyon görüntüleme;;; ; ; ; ; ; ; ; ; ; ; ; ; ; ; ; ;;Backlog 3.1: Rezervasyon bilgilerinin görüntülenmesi için gerekli i?lemler yap?lmal?;;;;;;;;; ; ; ; ; ; ; ; ; ; ;
Backlog 3.1: Rezervasyon bilgilerinin görüntülenmesi için gerekli i?lemler yap?lmal?;;;;;;;;; ; ; ; ; ; ; ; ; ; ;; ; ; ; ; ; ; ; ; ; ; ; ; ; ; ; ; ; ; ;
 ; ; ; ; ; ; ; ; ; ; ; ; ; ; ; ; ; ; ;;Task 3.1.1: Kullan?c?lar?n rezervasyon bilgilerini görüntüleyebilece?i arayüz tasar?m? yap?lmal?;;;;;;;;; ; ; ; ; ; ; ; ; ; ;
Task 3.1.1: Kullan?c?lar?n rezervasyon bilgilerini görüntüleyebilece?i arayüz tasar?m? yap?lmal?;;;;;;;;; ; ; ; ; ; ; ; ; ; ;;Task 3.1.2: Kullan?c?lar?n rezervasyon bilgileri veri taban?ndan çekilip gerekli sayfaya yans?t?lmal?;;;;;;;;;; ; ; ; ; ; ; ; ; ;
Task 3.1.2: Kullan?c?lar?n rezervasyon bilgileri veri taban?ndan çekilip gerekli sayfaya yans?t?lmal?;;;;;;;;;; ; ; ; ; ; ; ; ; ;; ; ; ; ; ; ; ; ; ; ; ; ; ; ; ; ; ; ; ;
 ; ; ; ; ; ; ; ; ; ; ; ; ; ; ; ; ; ; ;; ; ; ; ; ; ; ; ; ; ; ; ; ; ; ; ; ; ; ;
 ; ; ; ; ; ; ; ; ; ; ; ; ; ; ; ; ; ; ;;4-?ifre S?f?rlama ve Kurtarma;;; ; ; ; ; ; ; ; ; ; ; ; ; ; ; ; ;
4-?ifre S?f?rlama ve Kurtarma;;; ; ; ; ; ; ; ; ; ; ; ; ; ; ; ; ;;Backlog 4.1: ?ifre s?f?rlama ve kurtarma i?lemleri yap?lmal?;;;;;; ; ; ; ; ; ; ; ; ; ; ; ; ;
Backlog 4.1: ?ifre s?f?rlama ve kurtarma i?lemleri yap?lmal?;;;;;; ; ; ; ; ; ; ; ; ; ; ; ; ;; ; ; ; ; ; ; ; ; ; ; ; ; ; ; ; ; ; ; ;
 ; ; ; ; ; ; ; ; ; ; ; ; ; ; ; ; ; ; ;;Task 4.1.1:E-posta adresi ile ?ifre s?f?rlama talebi için bir form olu?turulmal?;;;;;;;; ; ; ; ; ; ; ; ; ; ; ;
Task 4.1.1:E-posta adresi ile ?ifre s?f?rlama talebi için bir form olu?turulmal?;;;;;;;; ; ; ; ; ; ; ; ; ; ; ;;Task 4.1.2: ?ifre s?f?rlama i?lemi için e-posta gönderme sistemi olu?turulmal?;;;;;;;; ; ; ; ; ; ; ; ; ; ; ;
Task 4.1.2: ?ifre s?f?rlama i?lemi için e-posta gönderme sistemi olu?turulmal?;;;;;;;; ; ; ; ; ; ; ; ; ; ; ;; ; ; ; ; ; ; ; ; ; ; ; ; ; ; ; ; ; ; ;
 ; ; ; ; ; ; ; ; ; ; ; ; ; ; ; ; ; ; ;; ; ; ; ; ; ; ; ; ; ; ; ; ; ; ; ; ; ; ;
 ; ; ; ; ; ; ; ; ; ; ; ; ; ; ; ; ; ; ;;5-Kullan?c? Kay?t Do?rulama;;; ; ; ; ; ; ; ; ; ; ; ; ; ; ; ; ;
5-Kullan?c? Kay?t Do?rulama;;; ; ; ; ; ; ; ; ; ; ; ; ; ; ; ; ;;Backlog 5.1: Kullan?c? kay?t do?rulma i?lemi;;;;; ; ; ; ; ; ; ; ; ; ; ; ; ; ;
Backlog 5.1: Kullan?c? kay?t do?rulma i?lemi;;;;; ; ; ; ; ; ; ; ; ; ; ; ; ; ;; ; ; ; ; ; ; ; ; ; ; ; ; ; ; ; ; ; ; ;
 ; ; ; ; ; ; ; ; ; ; ; ; ; ; ; ; ; ; ;;Task 5.1.1:  E-posta do?rulama mekanizmas? olu?turulmal?.Kay?t olan kullan?c?ya hesap do?rulma i?elmi için mail gönderilmeli;;;;;;;;;;;;; ; ; ; ; ; ;
Task 5.1.1:  E-posta do?rulama mekanizmas? olu?turulmal?.Kay?t olan kullan?c?ya hesap do?rulma i?elmi için mail gönderilmeli;;;;;;;;;;;;; ; ; ; ; ; ;;Task 5.1.2: Kullan?c?ya gönderilecek mail için gerekli ?ablon taraf?m? yap?lmal?;;;;;;;; ; ; ; ; ; ; ; ; ; ; ;
Task 5.1.2: Kullan?c?ya gönderilecek mail için gerekli ?ablon taraf?m? yap?lmal?;;;;;;;; ; ; ; ; ; ; ; ; ; ; ;; ; ; ; ; ; ; ; ; ; ; ; ; ; ; ; ; ; ; ;
 ; ; ; ; ; ; ; ; ; ; ; ; ; ; ; ; ; ; ;; ; ; ; ; ; ; ; ; ; ; ; ; ; ; ; ; ; ; ;
 ; ; ; ; ; ; ; ; ; ; ; ; ; ; ; ; ; ; ;;6-Araç Bilgileri;; ; ; ; ; ; ; ; ; ; ; ; ; ; ; ; ; ;
6-Araç Bilgileri;; ; ; ; ; ; ; ; ; ; ; ; ; ; ; ; ; ;;Backlog 6.1: Araç bilgileri detayland?r?l?p kullan?c?ya yans?t?lmal?;;;;;;; ; ; ; ; ; ; ; ; ; ; ; ;
Backlog 6.1: Araç bilgileri detayland?r?l?p kullan?c?ya yans?t?lmal?;;;;;;; ; ; ; ; ; ; ; ; ; ; ; ;; ; ; ; ; ; ; ; ; ; ; ; ; ; ; ; ; ; ; ;
 ; ; ; ; ; ; ; ; ; ; ; ; ; ; ; ; ; ; ;;Task 6.1.1: Araç bilgileri için detayl? arayüz tasar?m?n? olu?turulmal?;;;;;;; ; ; ; ; ; ; ; ; ; ; ; ;
Task 6.1.1: Araç bilgileri için detayl? arayüz tasar?m?n? olu?turulmal?;;;;;;; ; ; ; ; ; ; ; ; ; ; ; ;;Task 6.1.2: Araç bilgilerini veritaban?ndan çekilip listelenmeli;;;;;; ; ; ; ; ; ; ; ; ; ; ; ; ;
Task 6.1.2: Araç bilgilerini veritaban?ndan çekilip listelenmeli;;;;;; ; ; ; ; ; ; ; ; ; ; ; ; ;; ; ; ; ; ; ; ; ; ; ; ; ; ; ; ; ; ; ; ;
 ; ; ; ; ; ; ; ; ; ; ; ; ; ; ; ; ; ; ;;7-Ödeme Sistemi;; ; ; ; ; ; ; ; ; ; ; ; ; ; ; ; ; ;
7-Ödeme Sistemi;; ; ; ; ; ; ; ; ; ; ; ; ; ; ; ; ; ;;Backlog 7.1:Ödeme i?lemi için gerekli entegrasyonlar ve arayüz tasar?mlar? yap?lmal?;;;;;;;;; ; ; ; ; ; ; ; ; ; ;
Backlog 7.1:Ödeme i?lemi için gerekli entegrasyonlar ve arayüz tasar?mlar? yap?lmal?;;;;;;;;; ; ; ; ; ; ; ; ; ; ;; ; ; ; ; ; ; ; ; ; ; ; ; ; ; ; ; ; ; ;
 ; ; ; ; ; ; ; ; ; ; ; ; ; ; ; ; ; ; ;;Task 7.1.1:Ödeme yöntemleri (kredi kart?, banka kart? vb.) için arayüz tasar?m? olu?turulmal?;;;;;;;;; ; ; ; ; ; ; ; ; ; ;
Task 7.1.1:Ödeme yöntemleri (kredi kart?, banka kart? vb.) için arayüz tasar?m? olu?turulmal?;;;;;;;;; ; ; ; ; ; ; ; ; ; ;;Task 7.1.2:Ödeme yöntemlerini backend ile entegre etegre edilmeli;;;;;;; ; ; ; ; ; ; ; ; ; ; ; ;
Task 7.1.2:Ödeme yöntemlerini backend ile entegre etegre edilmeli;;;;;;; ; ; ; ; ; ; ; ; ; ; ; ;; ; ; ; ; ; ; ; ; ; ; ; ; ; ; ; ; ; ; ;
 ; ; ; ; ; ; ; ; ; ; ; ; ; ; ; ; ; ; ;; ; ; ; ; ; ; ; ; ; ; ; ; ; ; ; ; ; ; ;
 ; ; ; ; ; ; ; ; ; ; ; ; ; ; ; ; ; ; ;;8- Kullan?c? Ödeme Onay?;;; ; ; ; ; ; ; ; ; ; ; ; ; ; ; ; ;
8- Kullan?c? Ödeme Onay?;;; ; ; ; ; ; ; ; ; ; ; ; ; ; ; ; ;;Backlog 8.1:  Kullan?c? ödeme onay? i?elmi için gerekli ara yüz tasar?m? ve back end makanizmalar? geli?tirilmeli;;;;;;;;;;; ; ; ; ; ; ; ; ;
Backlog 8.1:  Kullan?c? ödeme onay? i?elmi için gerekli ara yüz tasar?m? ve back end makanizmalar? geli?tirilmeli;;;;;;;;;;; ; ; ; ; ; ; ; ;; ; ; ; ; ; ; ; ; ; ; ; ; ; ; ; ; ; ; ;
 ; ; ; ; ; ; ; ; ; ; ; ; ; ; ; ; ; ; ;;Task 8.1.1:Kullan?c? ödeme onay? için bir arayüz olu?turulmal?;;;;;; ; ; ; ; ; ; ; ; ; ; ; ; ;
Task 8.1.1:Kullan?c? ödeme onay? için bir arayüz olu?turulmal?;;;;;; ; ; ; ; ; ; ; ; ; ; ; ; ;;Task 8.1.2: Onay mekanizmas?n? backend ile entegre edilmeli;;;;;; ; ; ; ; ; ; ; ; ; ; ; ; ;
Task 8.1.2: Onay mekanizmas?n? backend ile entegre edilmeli;;;;;; ; ; ; ; ; ; ; ; ; ; ; ; ;; ; ; ; ; ; ; ; ; ; ; ; ; ; ; ; ; ; ; ;
 ; ; ; ; ; ; ; ; ; ; ; ; ; ; ; ; ; ; ;; ; ; ; ; ; ; ; ; ; ; ; ; ; ; ; ; ; ; ;
 ; ; ; ; ; ; ; ; ; ; ; ; ; ; ; ; ; ; ;;9-Kullan?c? Yönetimi;; ; ; ; ; ; ; ; ; ; ; ; ; ; ; ; ; ;
9-Kullan?c? Yönetimi;; ; ; ; ; ; ; ; ; ; ; ; ; ; ; ; ; ;;Backlog 9.1: Kullan?c? profili sayfas? i?lemleri;;;;; ; ; ; ; ; ; ; ; ; ; ; ; ; ;
Backlog 9.1: Kullan?c? profili sayfas? i?lemleri;;;;; ; ; ; ; ; ; ; ; ; ; ; ; ; ;; ; ; ; ; ; ; ; ; ; ; ; ; ; ; ; ; ; ; ;
 ; ; ; ; ; ; ; ; ; ; ; ; ; ; ; ; ; ; ;;Task 9. 1.1: Kullan?c? profil sayfas? tasarlanmal?;;;;; ; ; ; ; ; ; ; ; ; ; ; ; ; ;
Task 9. 1.1: Kullan?c? profil sayfas? tasarlanmal?;;;;; ; ; ; ; ; ; ; ; ; ; ; ; ; ;;Task 9.1.2: Kullan?c? profil bilgileri güncelleme i?lemi yap?labilmeli;;;;;;; ; ; ; ; ; ; ; ; ; ; ; ;
Task 9.1.2: Kullan?c? profil bilgileri güncelleme i?lemi yap?labilmeli;;;;;;; ; ; ; ; ; ; ; ; ; ; ; ;; ; ; ; ; ; ; ; ; ; ; ; ; ; ; ; ; ; ; ;
 ; ; ; ; ; ; ; ; ; ; ; ; ; ; ; ; ; ; ;; ; ; ; ; ; ; ; ; ; ; ; ; ; ; ; ; ; ; ;
 ; ; ; ; ; ; ; ; ; ; ; ; ; ; ; ; ; ; ;;10-Çok Dilli Arayüz Tasar?m?;;; ; ; ; ; ; ; ; ; ; ; ; ; ; ; ; ;
10-Çok Dilli Arayüz Tasar?m?;;; ; ; ; ; ; ; ; ; ; ; ; ; ; ; ; ;;Backlog 10.1: Uygulama içi çoklu dil deste?i sa?lanmas?;;;;;; ; ; ; ; ; ; ; ; ; ; ; ; ;
Backlog 10.1: Uygulama içi çoklu dil deste?i sa?lanmas?;;;;;; ; ; ; ; ; ; ; ; ; ; ; ; ;; ; ; ; ; ; ; ; ; ; ; ; ; ; ; ; ; ; ; ;
 ; ; ; ; ; ; ; ; ; ; ; ; ; ; ; ; ; ; ;;Task 10.1.1:Uygulama arayüzü için çok dilli destek sa?layacak bir tasar?m olu?turulmal?;;;;;;;;; ; ; ; ; ; ; ; ; ; ;
Task 10.1.1:Uygulama arayüzü için çok dilli destek sa?layacak bir tasar?m olu?turulmal?;;;;;;;;; ; ; ; ; ; ; ; ; ; ;;Kabul kriterleri:;; ; ; ; ; ; ; ; ; ; ; ; ; ; ; ; ; ;
Kabul kriterleri:;; ; ; ; ; ; ; ; ; ; ; ; ; ; ; ; ; ;;   Arayüz tasar?m?, dil de?i?tirme seçene?ini aç?kça gösteriyor ve dil de?i?tirildi?inde tüm metinler do?ru bir ?ekilde güncellenebilmeli;;;;;;;;;;;;; ; ; ; ; ; ;
   Arayüz tasar?m?, dil de?i?tirme seçene?ini aç?kça gösteriyor ve dil de?i?tirildi?inde tüm metinler do?ru bir ?ekilde güncellenebilmeli;;;;;;;;;;;;; ; ; ; ; ; ;; ; ; ; ; ; ; ; ; ; ; ; ; ; ; ; ; ; ; ;
 ; ; ; ; ; ; ; ; ; ; ; ; ; ; ; ; ; ; ;;Task 10.1.2:Kullan?c?lar?n uygulama dilini seçebilece?i ve bu tercihin saklanaca?? bir sistem geli?tirilmeli;;;;;;;;;; ; ; ; ; ; ; ; ; ;
Task 10.1.2:Kullan?c?lar?n uygulama dilini seçebilece?i ve bu tercihin saklanaca?? bir sistem geli?tirilmeli;;;;;;;;;; ; ; ; ; ; ; ; ; ;;Kabul kriterleri:;; ; ; ; ; ; ; ; ; ; ; ; ; ; ; ; ; ;
Kabul kriterleri:;; ; ; ; ; ; ; ; ; ; ; ; ; ; ; ; ; ;;   Kullan?c? dil tercihi do?ru bir ?ekilde saklanmal? ve uygulama bu tercihe göre dili de?i?tirilebilmeli;;;;;;;;;; ; ; ; ; ; ; ; ; ;
   Kullan?c? dil tercihi do?ru bir ?ekilde saklanmal? ve uygulama bu tercihe göre dili de?i?tirilebilmeli;;;;;;;;;; ; ; ; ; ; ; ; ; ;; ; ; ; ; ; ; ; ; ; ; ; ; ; ; ; ; ; ; ;
 ; ; ; ; ; ; ; ; ; ; ; ; ; ; ; ; ; ; ;;;;;;;;;;;;;;;;;;;;;
;;;;;;;;;;;;;;;;;;;;MVP 3; ; ; ; ; ; ; ; ; ; ; ; ; ; ; ; ; ; ;
MVP 3; ; ; ; ; ; ; ; ; ; ; ; ; ; ; ; ; ; ;; ; ; ; ; ; ; ; ; ; ; ; ; ; ; ; ; ; ; ;
 ; ; ; ; ; ; ; ; ; ; ; ; ; ; ; ; ; ; ;;1-Dinamik Para Birimi Dönü?ümü;;;; ; ; ; ; ; ; ; ; ; ; ; ; ; ; ;
1-Dinamik Para Birimi Dönü?ümü;;;; ; ; ; ; ; ; ; ; ; ; ; ; ; ; ;;Backlog 1.1: Dinamik para birimi dönü?ünün sa?lanaml?;;;;;; ; ; ; ; ; ; ; ; ; ; ; ; ;
Backlog 1.1: Dinamik para birimi dönü?ünün sa?lanaml?;;;;;; ; ; ; ; ; ; ; ; ; ; ; ; ;; ; ; ; ; ; ; ; ; ; ; ; ; ; ; ; ; ; ; ;
 ; ; ; ; ; ; ; ; ; ; ; ; ; ; ; ; ; ; ;;Task 1.1.1:Para birimleri aras?nda dönü?üm yapabilen bir backend servis olu?turulmal?;;;;;;;;; ; ; ; ; ; ; ; ; ; ;
Task 1.1.1:Para birimleri aras?nda dönü?üm yapabilen bir backend servis olu?turulmal?;;;;;;;;; ; ; ; ; ; ; ; ; ; ;;Task 1.1.2:Para birimi dönü?üm verilerini güncel tutmak için bir mekanizma olu?turun ve API entegrasyonu sa?lanamal?;;;;;;;;;;;; ; ; ; ; ; ; ;
Task 1.1.2:Para birimi dönü?üm verilerini güncel tutmak için bir mekanizma olu?turun ve API entegrasyonu sa?lanamal?;;;;;;;;;;;; ; ; ; ; ; ; ;; ; ; ; ; ; ; ; ; ; ; ; ; ; ; ; ; ; ; ;
 ; ; ; ; ; ; ; ; ; ; ; ; ; ; ; ; ; ; ;;2-Oyun Entegrasyonu;;; ; ; ; ; ; ; ; ; ; ; ; ; ; ; ; ;
2-Oyun Entegrasyonu;;; ; ; ; ; ; ; ; ; ; ; ; ; ; ; ; ;;Backlog 2.1:Oyun entegrasyonu ve puan kazan?m?;;;;; ; ; ; ; ; ; ; ; ; ; ; ; ; ;
Backlog 2.1:Oyun entegrasyonu ve puan kazan?m?;;;;; ; ; ; ; ; ; ; ; ; ; ; ; ; ;; ; ; ; ; ; ; ; ; ; ; ; ; ; ; ; ; ; ; ;
 ; ; ; ; ; ; ; ; ; ; ; ; ; ; ; ; ; ; ;;Task 2.1.1:Oyun mekanizmas?n? tasarlay?n ve uygulamaya entegre edilmeli;;;;;;;; ; ; ; ; ; ; ; ; ; ; ;
Task 2.1.1:Oyun mekanizmas?n? tasarlay?n ve uygulamaya entegre edilmeli;;;;;;;; ; ; ; ; ; ; ; ; ; ; ;;Task 2.1.2: Sisteme entegre edilmi? oyunlar?n listelenip gösterildi?i bir oyunlar sayfas? tasarlanmal?;;;;;;;;;; ; ; ; ; ; ; ; ; ;
Task 2.1.2: Sisteme entegre edilmi? oyunlar?n listelenip gösterildi?i bir oyunlar sayfas? tasarlanmal?;;;;;;;;;; ; ; ; ; ; ; ; ; ;; ; ; ; ; ; ; ; ; ; ; ; ; ; ; ; ; ; ; ;
 ; ; ; ; ; ; ; ; ; ; ; ; ; ; ; ; ; ; ;;3-Puanlar?n yans?t?lmas?;;; ; ; ; ; ; ; ; ; ; ; ; ; ; ; ; ;
3-Puanlar?n yans?t?lmas?;;; ; ; ; ; ; ; ; ; ; ; ; ; ; ; ; ;;Backlog 3.1:Oyunlarda kazan?lan puanlar?n kullan?c? profilinde gösterimi;;;;;;; ; ; ; ; ; ; ; ; ; ; ; ;
Backlog 3.1:Oyunlarda kazan?lan puanlar?n kullan?c? profilinde gösterimi;;;;;;; ; ; ; ; ; ; ; ; ; ; ; ;; ; ; ; ; ; ; ; ; ; ; ; ; ; ; ; ; ; ; ;
 ; ; ; ; ; ; ; ; ; ; ; ; ; ; ; ; ; ; ;;Task 3.1.1: Kullan?c? profilinde puanlar? göstermek için bir arayüz tasar?m? olu?turulmal?;;;;;;;;; ; ; ; ; ; ; ; ; ; ;
Task 3.1.1: Kullan?c? profilinde puanlar? göstermek için bir arayüz tasar?m? olu?turulmal?;;;;;;;;; ; ; ; ; ; ; ; ; ; ;;Task 3.1.2: Puanlar?n profil sayfas?nda do?ru ve güncel bir ?ekilde gösterildi?ini do?rulayan testler yap?n.;;;;;;;;;;; ; ; ; ; ; ; ; ;
Task 3.1.2: Puanlar?n profil sayfas?nda do?ru ve güncel bir ?ekilde gösterildi?ini do?rulayan testler yap?n.;;;;;;;;;;; ; ; ; ; ; ; ; ;; ; ; ; ; ; ; ; ; ; ; ; ; ; ; ; ; ; ; ;
 ; ; ; ; ; ; ; ; ; ; ; ; ; ; ; ; ; ; ;; ; ; ; ; ; ; ; ; ; ; ; ; ; ; ; ; ; ; ;
 ; ; ; ; ; ; ; ; ; ; ; ; ; ; ; ; ; ; ;;4-?ndirim Mekanizmas?;;; ; ; ; ; ; ; ; ; ; ; ; ; ; ; ; ;
4-?ndirim Mekanizmas?;;; ; ; ; ; ; ; ; ; ; ; ; ; ; ; ; ;;Backlog 4.1:Puan derecelendirme ve indirim mekanizmas?;;;;;; ; ; ; ; ; ; ; ; ; ; ; ; ;
Backlog 4.1:Puan derecelendirme ve indirim mekanizmas?;;;;;; ; ; ; ; ; ; ; ; ; ; ; ; ;; ; ; ; ; ; ; ; ; ; ; ; ; ; ; ; ; ; ; ;
 ; ; ; ; ; ; ; ; ; ; ; ; ; ; ; ; ; ; ;;Task 4.1.1:Kullan?c?lar?n puanlar?na göre belirli dereceler olu?turun ve bu derecelere göre indirimler tan?mlanmas?n? sa?layan mekanizma olu?turulmal?;;;;;;;;;;;;;;; ; ; ; ;
Task 4.1.1:Kullan?c?lar?n puanlar?na göre belirli dereceler olu?turun ve bu derecelere göre indirimler tan?mlanmas?n? sa?layan mekanizma olu?turulmal?;;;;;;;;;;;;;;; ; ; ; ;;Task 4.1.2: Dereceleri ve indirimleri admin taraf?ndan backend'de yönetmek için bir sistem geli?tirilmeli;;;;;;;;;;; ; ; ; ; ; ; ; ;
Task 4.1.2: Dereceleri ve indirimleri admin taraf?ndan backend'de yönetmek için bir sistem geli?tirilmeli;;;;;;;;;;; ; ; ; ; ; ; ; ;; ; ; ; ; ; ; ; ; ; ; ; ; ; ; ; ; ; ; ;
 ; ; ; ; ; ; ; ; ; ; ; ; ; ; ; ; ; ; ;;5-Canl? Destek Sistemi  ve Entegrasyonu;;;; ; ; ; ; ; ; ; ; ; ; ; ; ; ; ;
5-Canl? Destek Sistemi  ve Entegrasyonu;;;; ; ; ; ; ; ; ; ; ; ; ; ; ; ; ;;Backlog 5.1:;; ; ; ; ; ; ; ; ; ; ; ; ; ; ; ; ; ;
Backlog 5.1:;; ; ; ; ; ; ; ; ; ; ; ; ; ; ; ; ; ;; ; ; ; ; ; ; ; ; ; ; ; ; ; ; ; ; ; ; ;
 ; ; ; ; ; ; ; ; ; ; ; ; ; ; ; ; ; ; ;;Task 5.1.1:Canl? destek arayüzü için kullan?c? dostu bir tasar?m olu?turulmal?.;;;;;;;; ; ; ; ; ; ; ; ; ; ; ;
Task 5.1.1:Canl? destek arayüzü için kullan?c? dostu bir tasar?m olu?turulmal?.;;;;;;;; ; ; ; ; ; ; ; ; ; ; ;;Kabul kriterleri: ;; ; ; ; ; ; ; ; ; ; ; ; ; ; ; ; ; ;
Kabul kriterleri: ;; ; ; ; ; ; ; ; ; ; ; ; ; ; ; ; ; ;;     Sohbet penceresi, butonlar ve bildirimler görülür olmal?;;;;;; ; ; ; ; ; ; ; ; ; ; ; ; ;
     Sohbet penceresi, butonlar ve bildirimler görülür olmal?;;;;;; ; ; ; ; ; ; ; ; ; ; ; ; ;; ; ; ; ; ; ; ; ; ; ; ; ; ; ; ; ; ; ; ;
 ; ; ; ; ; ; ; ; ; ; ; ; ; ; ; ; ; ; ;;Task 5.1.2:Canl? destek sistemini uygulaman?za entegre edilmeli;;;;;;; ; ; ; ; ; ; ; ; ; ; ; ;
Task 5.1.2:Canl? destek sistemini uygulaman?za entegre edilmeli;;;;;;; ; ; ; ; ; ; ; ; ; ; ; ;; ; ; ; ; ; ; ; ; ; ; ; ; ; ; ; ; ; ; ;
 ; ; ; ; ; ; ; ; ; ; ; ; ; ; ; ; ; ; ;; ; ; ; ; ; ; ; ; ; ; ; ; ; ; ; ; ; ; ;
 ; ; ; ; ; ; ; ; ; ; ; ; ; ; ; ; ; ; ;;6-Mü?teri Ad?na Ba??? Yapma ;;; ; ; ; ; ; ; ; ; ; ; ; ; ; ; ; ;
6-Mü?teri Ad?na Ba??? Yapma ;;; ; ; ; ; ; ; ; ; ; ; ; ; ; ; ; ;;Backlog 6.1: Ba??? sistemi tasar?m? ve entegrasyonu;;;;; ; ; ; ; ; ; ; ; ; ; ; ; ; ;
Backlog 6.1: Ba??? sistemi tasar?m? ve entegrasyonu;;;;; ; ; ; ; ; ; ; ; ; ; ; ; ; ;; ; ; ; ; ; ; ; ; ; ; ; ; ; ; ; ; ; ; ;
 ; ; ; ; ; ; ; ; ; ; ; ; ; ; ; ; ; ; ;;Task 6.1.1: Rezervasyon sistemine, her i?lemde otomatik olarak ba??? yapacak bir mekanizma entegre edilmeli.;;;;;;;;;;; ; ; ; ; ; ; ; ;
Task 6.1.1: Rezervasyon sistemine, her i?lemde otomatik olarak ba??? yapacak bir mekanizma entegre edilmeli.;;;;;;;;;;; ; ; ; ; ; ; ; ;;Task 6.1.2: Ba??? yap?ld???n? kullan?c?ya bildiren e-posta ve uygulama içi bildirim tasar?m? olu?turulmal? ;;;;;;;;;; ; ; ; ; ; ; ; ; ;
Task 6.1.2: Ba??? yap?ld???n? kullan?c?ya bildiren e-posta ve uygulama içi bildirim tasar?m? olu?turulmal? ;;;;;;;;;; ; ; ; ; ; ; ; ; ;; ; ; ; ; ; ; ; ; ; ; ; ; ; ; ; ; ; ; ;
 ; ; ; ; ; ; ; ; ; ; ; ; ; ; ; ; ; ; ;; ; ; ; ; ; ; ; ; ; ; ; ; ; ; ; ; ; ; ;
 ; ; ; ; ; ; ; ; ; ; ; ; ; ; ; ; ; ; ;;7-Canl? Trafik Durumu Entegrasyonu;;;; ; ; ; ; ; ; ; ; ; ; ; ; ; ; ;
7-Canl? Trafik Durumu Entegrasyonu;;;; ; ; ; ; ; ; ; ; ; ; ; ; ; ; ;;Backlog 7.1:Trafik verisi sa?lay?c?s? entegrasyonu;;;;; ; ; ; ; ; ; ; ; ; ; ; ; ; ;
Backlog 7.1:Trafik verisi sa?lay?c?s? entegrasyonu;;;;; ; ; ; ; ; ; ; ; ; ; ; ; ; ;; ; ; ; ; ; ; ; ; ; ; ; ; ; ; ; ; ; ; ;
 ; ; ; ; ; ; ; ; ; ; ; ; ; ; ; ; ; ; ;;Task 7.1.1:  Kullan?c?lar?n trafik durumunu görebilece?i bir arayüz tasar?m? olu?turulmal?;;;;;;;;; ; ; ; ; ; ; ; ; ; ;
Task 7.1.1:  Kullan?c?lar?n trafik durumunu görebilece?i bir arayüz tasar?m? olu?turulmal?;;;;;;;;; ; ; ; ; ; ; ; ; ; ;;Task 7.1.2:  Trafik veri sa?lay?c? API’si uygulama içine entegre edilmeli;;;;;;; ; ; ; ; ; ; ; ; ; ; ; ;
Task 7.1.2:  Trafik veri sa?lay?c? API’si uygulama içine entegre edilmeli;;;;;;; ; ; ; ; ; ; ; ; ; ; ; ;; ; ; ; ; ; ; ; ; ; ; ; ; ; ; ; ; ; ; ;
 ; ; ; ; ; ; ; ; ; ; ; ; ; ; ; ; ; ; ;; ; ; ; ; ; ; ; ; ; ; ; ; ; ; ; ; ; ; ;
 ; ; ; ; ; ; ; ; ; ; ; ; ; ; ; ; ; ; ;;8-Konum Veri Sa?lay?c? Entegrasyonu;;;; ; ; ; ; ; ; ; ; ; ; ; ; ; ; ;
8-Konum Veri Sa?lay?c? Entegrasyonu;;;; ; ; ; ; ; ; ; ; ; ; ; ; ; ; ;;Backlog 8.1:Araç konumlar?n?n görüntülenmesi;;;;; ; ; ; ; ; ; ; ; ; ; ; ; ; ;
Backlog 8.1:Araç konumlar?n?n görüntülenmesi;;;;; ; ; ; ; ; ; ; ; ; ; ; ; ; ;; ; ; ; ; ; ; ; ; ; ; ; ; ; ; ; ; ; ; ;
 ; ; ; ; ; ; ; ; ; ; ; ; ; ; ; ; ; ; ;;Task 8.1.1: Araçlar?n gerçek zamanl? konum verilerini toplamak için araçlara gerekli GPS donan?m?n? ve yaz?l?m? entegre edilmeli.;;;;;;;;;;;;; ; ; ; ; ; ;
Task 8.1.1: Araçlar?n gerçek zamanl? konum verilerini toplamak için araçlara gerekli GPS donan?m?n? ve yaz?l?m? entegre edilmeli.;;;;;;;;;;;;; ; ; ; ; ; ;;Task 8.1.2: Araçlar?n konumunu gösterecek bir harita görünümü tasar?m? olu?turulmal?. Harita üzerinde araçlar?n yerlerini ve hareketlerini gösteren i?aretçiler (marker) yerle?tirilmeli.;;;;;;;;;;;;;;;;;; ;
Task 8.1.2: Araçlar?n konumunu gösterecek bir harita görünümü tasar?m? olu?turulmal?. Harita üzerinde araçlar?n yerlerini ve hareketlerini gösteren i?aretçiler (marker) yerle?tirilmeli.;;;;;;;;;;;;;;;;;; ;; ; ; ; ; ; ; ; ; ; ; ; ; ; ; ; ; ; ; ;
 ; ; ; ; ; ; ; ; ; ; ; ; ; ; ; ; ; ; ;; ; ; ; ; ; ; ; ; ; ; ; ; ; ; ; ; ; ; ;
 ; ; ; ; ; ; ; ; ; ; ; ; ; ; ; ; ; ; ;;9-Kullan?c? Araç Tavsiye;;; ; ; ; ; ; ; ; ; ; ; ; ; ; ; ; ;
9-Kullan?c? Araç Tavsiye;;; ; ; ; ; ; ; ; ; ; ; ; ; ; ; ; ;;Backlog 9.1:Kullan?c? verilerini toplama ve analiz etme;;;;;; ; ; ; ; ; ; ; ; ; ; ; ; ;
Backlog 9.1:Kullan?c? verilerini toplama ve analiz etme;;;;;; ; ; ; ; ; ; ; ; ; ; ; ; ;; ; ; ; ; ; ; ; ; ; ; ; ; ; ; ; ; ; ; ;
 ; ; ; ; ; ; ; ; ; ; ; ; ; ; ; ; ; ; ;;Task 9.1.1: Kullan?c?lar?n önceki araç kiralama verilerini ve tercihlerini toplamak için bir veri toplama mekanizmas? olu?turulmal?;;;;;;;;;;;;; ; ; ; ; ; ;
Task 9.1.1: Kullan?c?lar?n önceki araç kiralama verilerini ve tercihlerini toplamak için bir veri toplama mekanizmas? olu?turulmal?;;;;;;;;;;;;; ; ; ; ; ; ;;Task 9.1.2: Kullan?c? verilerini analiz ederek, ki?iselle?tirilmi? önerilerde bulunacak bir analiz algoritmas? geli?tirilmeli.;;;;;;;;;;;; ; ; ; ; ; ; ;
Task 9.1.2: Kullan?c? verilerini analiz ederek, ki?iselle?tirilmi? önerilerde bulunacak bir analiz algoritmas? geli?tirilmeli.;;;;;;;;;;;; ; ; ; ; ; ; ;;Task 9.1.3:Kullan?c?ya ki?isel araç tavsiyelerini gösterecek bir arayüz tasar?m? olu?turulmal?;;;;;;;;; ; ; ; ; ; ; ; ; ; ;
Task 9.1.3:Kullan?c?ya ki?isel araç tavsiyelerini gösterecek bir arayüz tasar?m? olu?turulmal?;;;;;;;;; ; ; ; ; ; ; ; ; ; ;; ; ; ; ; ; ; ; ; ; ; ; ; ; ; ; ; ; ; ;
 ; ; ; ; ; ; ; ; ; ; ; ; ; ; ; ; ; ; ;; ; ; ; ; ; ; ; ; ; ; ; ; ; ; ; ; ; ; ;
 ; ; ; ; ; ; ; ; ; ; ; ; ; ; ; ; ; ; ;;10-Fiyat De?i?iklik Bildirimleri;;; ; ; ; ; ; ; ; ; ; ; ; ; ; ; ; ;
10-Fiyat De?i?iklik Bildirimleri;;; ; ; ; ; ; ; ; ; ; ; ; ; ; ; ; ;;Backlog 10.1: Fiyat de?i?iklik bildirimleri;;;; ; ; ; ; ; ; ; ; ; ; ; ; ; ; ;
Backlog 10.1: Fiyat de?i?iklik bildirimleri;;;; ; ; ; ; ; ; ; ; ; ; ; ; ; ; ;; ; ; ; ; ; ; ; ; ; ; ; ; ; ; ; ; ; ; ;
 ; ; ; ; ; ; ; ; ; ; ; ; ; ; ; ; ; ; ;;Task 10.1.1: Kullan?c?lara dinamik fiyat de?i?ikliklerini bildiren bir sistem olu?turulmal?;;;;;;;;; ; ; ; ; ; ; ; ; ; ;
Task 10.1.1: Kullan?c?lara dinamik fiyat de?i?ikliklerini bildiren bir sistem olu?turulmal?;;;;;;;;; ; ; ; ; ; ; ; ; ; ;;Task 10.1.2:Fiyat de?i?ikliklerinin kullan?c?lara aç?k ve anla??l?r bir ?ekilde sunulmas?n? sa?layacak bir arayüz tasar?m? olu?turulmal?;;;;;;;;;;;;; ; ; ; ; ; ;
Task 10.1.2:Fiyat de?i?ikliklerinin kullan?c?lara aç?k ve anla??l?r bir ?ekilde sunulmas?n? sa?layacak bir arayüz tasar?m? olu?turulmal?;;;;;;;;;;;;; ; ; ; ; ; ;; ; ; ; ; ; ; ; ; ; ; ; ; ; ; ; ; ; ; ;
 ; ; ; ; ; ; ; ; ; ; ; ; ; ; ; ; ; ; ;;;;;;;;;;;;;;;;;;;;;
